inst_id,inst_label,rel,EU_obj,IU_obj,d,EU_status,IU_status,EU_gap,IU_gap,EU_time_sec,IU_time_sec
6,n4_rho3_P_LI_NCVX_seed5,RLT_SOC2x2_diag_X,-1017.3956639883503,-1032.9491187355284,0.015287518217058349,OPTIMAL,OPTIMAL,10.3806,12.068,0.0035,0.0032
6,n4_rho3_P_LI_NCVX_seed5,RLT_SOC2x2_diag_XU,-1017.3956638689858,-1032.9491186256855,0.015287518228210745,OPTIMAL,OPTIMAL,10.3806,12.068,0.0031,0.0051
9,n10_rho8_B_LI_LE_QI_QE_NCVX_seed8,RLT_full_SDP,-1473.8759339216242,-1491.5989906387172,0.012024795513104166,OPTIMAL,OPTIMAL,8.4396,9.7436,0.2626,0.4311
17,n6_rho4_P_LI2_QI1_NCVX_seed107,RLT_full_SDP,-242.08657893449106,-244.68350646270548,0.010727267656242746,OPTIMAL,OPTIMAL,2.8233,3.9263,0.0417,0.0379
21,n15_rho7_P_LI3_LE1_QI2_QE1_NCVX_seed111,RLT_full_SDP,-327.2494740952793,-332.4773570037357,0.015975221726205913,OPTIMAL,OPTIMAL,112.8515,116.2518,1.0381,1.0449
22,n4_rho3_P_LI1_LE1_QI2_QE1_NCVX_vertexLP_seq,RLT_SOC2x2_diag_X,-7.290625817405363,-7.42072157541078,0.017844251133398017,OPTIMAL,OPTIMAL,253.0714,259.3716,0.0033,0.0046
22,n4_rho3_P_LI1_LE1_QI2_QE1_NCVX_vertexLP_seq,RLT_SOC2x2_diag_XU,-7.29062585054999,-7.420721322414958,0.017844211804553672,OPTIMAL,OPTIMAL,253.0714,259.3716,0.005,0.0047
